﻿<?xml version="1.0" encoding="utf-8"?>
<abapGit version="v1.0.0" serializer="LCL_OBJECT_DTEL" serializer_version="v1.0.0">
 <asx:abap xmlns:asx="http://www.sap.com/abapxml" version="1.0">
  <asx:values>
   <DD04V>
    <ROLLNAME>Z00_RENTAL_FEE</ROLLNAME>
    <DDLANGUAGE>E</DDLANGUAGE>
    <HEADLEN>55</HEADLEN>
    <SCRLEN1>10</SCRLEN1>
    <SCRLEN2>20</SCRLEN2>
    <SCRLEN3>40</SCRLEN3>
    <DDTEXT>Rental Fee</DDTEXT>
    <REPTEXT>Rental Fee</REPTEXT>
    <SCRTEXT_S>Rental Fee</SCRTEXT_S>
    <SCRTEXT_M>Rental Fee</SCRTEXT_M>
    <SCRTEXT_L>Rental Fee</SCRTEXT_L>
    <DTELMASTER>E</DTELMASTER>
    <DATATYPE>CURR</DATATYPE>
    <LENG>000005</LENG>
    <DECIMALS>000002</DECIMALS>
    <OUTPUTLEN>000006</OUTPUTLEN>
   </DD04V>
  </asx:values>
 </asx:abap>
</abapGit>
