﻿<?xml version="1.0" encoding="utf-8"?>
<abapGit version="v1.0.0" serializer="LCL_OBJECT_DTEL" serializer_version="v1.0.0">
 <asx:abap xmlns:asx="http://www.sap.com/abapxml" version="1.0">
  <asx:values>
   <DD04V>
    <ROLLNAME>Z00_RATING</ROLLNAME>
    <DDLANGUAGE>E</DDLANGUAGE>
    <HEADLEN>55</HEADLEN>
    <SCRLEN1>10</SCRLEN1>
    <SCRLEN2>20</SCRLEN2>
    <SCRLEN3>40</SCRLEN3>
    <DDTEXT>Rating</DDTEXT>
    <REPTEXT>Rating</REPTEXT>
    <SCRTEXT_S>Rating</SCRTEXT_S>
    <SCRTEXT_M>Rating</SCRTEXT_M>
    <SCRTEXT_L>Rating</SCRTEXT_L>
    <DTELMASTER>E</DTELMASTER>
    <DATATYPE>DEC</DATATYPE>
    <LENG>000003</LENG>
    <DECIMALS>000001</DECIMALS>
    <OUTPUTLEN>000004</OUTPUTLEN>
   </DD04V>
  </asx:values>
 </asx:abap>
</abapGit>
