﻿<?xml version="1.0" encoding="utf-8"?>
<abapGit version="v1.0.0" serializer="LCL_OBJECT_DTEL" serializer_version="v1.0.0">
 <asx:abap xmlns:asx="http://www.sap.com/abapxml" version="1.0">
  <asx:values>
   <DD04V>
    <ROLLNAME>Z00_PUBLISHING_YEAR</ROLLNAME>
    <DDLANGUAGE>E</DDLANGUAGE>
    <HEADLEN>55</HEADLEN>
    <SCRLEN1>10</SCRLEN1>
    <SCRLEN2>20</SCRLEN2>
    <SCRLEN3>40</SCRLEN3>
    <DDTEXT>Publishing Year</DDTEXT>
    <REPTEXT>Publishing Year</REPTEXT>
    <SCRTEXT_S>Year</SCRTEXT_S>
    <SCRTEXT_M>Publishing Year</SCRTEXT_M>
    <SCRTEXT_L>Publishing Year</SCRTEXT_L>
    <DTELMASTER>E</DTELMASTER>
    <DATATYPE>NUMC</DATATYPE>
    <LENG>000004</LENG>
    <OUTPUTLEN>000004</OUTPUTLEN>
   </DD04V>
  </asx:values>
 </asx:abap>
</abapGit>
