﻿<?xml version="1.0" encoding="utf-8"?>
<abapGit version="v1.0.0" serializer="LCL_OBJECT_MSAG" serializer_version="v1.0.0">
 <asx:abap xmlns:asx="http://www.sap.com/abapxml" version="1.0">
  <asx:values>
   <T100A>
    <ARBGB>Z00VIDEO</ARBGB>
    <MASTERLANG>E</MASTERLANG>
    <STEXT>Video</STEXT>
   </T100A>
   <T100>
    <T100>
     <SPRSL>E</SPRSL>
     <ARBGB>Z00VIDEO</ARBGB>
     <MSGNR>001</MSGNR>
     <TEXT>Duplicate Key Error (&amp;1)</TEXT>
    </T100>
    <T100>
     <SPRSL>E</SPRSL>
     <ARBGB>Z00VIDEO</ARBGB>
     <MSGNR>002</MSGNR>
     <TEXT>Movie Inserted Successfully (Movie ID: &amp;1)</TEXT>
    </T100>
    <T100>
     <SPRSL>E</SPRSL>
     <ARBGB>Z00VIDEO</ARBGB>
     <MSGNR>003</MSGNR>
     <TEXT>Video Inserted Successfully (Video ID: &amp;1)</TEXT>
    </T100>
    <T100>
     <SPRSL>E</SPRSL>
     <ARBGB>Z00VIDEO</ARBGB>
     <MSGNR>004</MSGNR>
     <TEXT>No Movie for Movie ID &amp;1</TEXT>
    </T100>
    <T100>
     <SPRSL>E</SPRSL>
     <ARBGB>Z00VIDEO</ARBGB>
     <MSGNR>005</MSGNR>
     <TEXT>Customer Inserted Successfully (Customer ID: &amp;1)</TEXT>
    </T100>
    <T100>
     <SPRSL>E</SPRSL>
     <ARBGB>Z00VIDEO</ARBGB>
     <MSGNR>006</MSGNR>
     <TEXT>Rental Inserted Successfully (Rental ID: &amp;1)</TEXT>
    </T100>
    <T100>
     <SPRSL>E</SPRSL>
     <ARBGB>Z00VIDEO</ARBGB>
     <MSGNR>007</MSGNR>
     <TEXT>No Customer for Customer ID &amp;1</TEXT>
    </T100>
    <T100>
     <SPRSL>E</SPRSL>
     <ARBGB>Z00VIDEO</ARBGB>
     <MSGNR>008</MSGNR>
     <TEXT>No Video for Video ID &amp;1</TEXT>
    </T100>
    <T100>
     <SPRSL>E</SPRSL>
     <ARBGB>Z00VIDEO</ARBGB>
     <MSGNR>009</MSGNR>
     <TEXT>Video not available (Video ID: &amp;1)</TEXT>
    </T100>
    <T100>
     <SPRSL>E</SPRSL>
     <ARBGB>Z00VIDEO</ARBGB>
     <MSGNR>010</MSGNR>
     <TEXT>Update Error (&amp;1)</TEXT>
    </T100>
    <T100>
     <SPRSL>E</SPRSL>
     <ARBGB>Z00VIDEO</ARBGB>
     <MSGNR>011</MSGNR>
     <TEXT>&amp;1 &amp;2 &amp;3 &amp;4</TEXT>
    </T100>
    <T100>
     <SPRSL>E</SPRSL>
     <ARBGB>Z00VIDEO</ARBGB>
     <MSGNR>012</MSGNR>
     <TEXT>Video not lent (Video ID: &amp;1)</TEXT>
    </T100>
    <T100>
     <SPRSL>E</SPRSL>
     <ARBGB>Z00VIDEO</ARBGB>
     <MSGNR>013</MSGNR>
     <TEXT>Rental Fee: &amp;1 &amp;2</TEXT>
    </T100>
   </T100>
  </asx:values>
 </asx:abap>
</abapGit>
