﻿<?xml version="1.0" encoding="utf-8"?>
<abapGit version="v1.0.0" serializer="LCL_OBJECT_VIEW" serializer_version="v1.0.0">
 <asx:abap xmlns:asx="http://www.sap.com/abapxml" version="1.0">
  <asx:values>
   <DD25V>
    <VIEWNAME>ZV00RENTAL</VIEWNAME>
    <AS4LOCAL>A</AS4LOCAL>
    <DDLANGUAGE>E</DDLANGUAGE>
    <AGGTYPE>V</AGGTYPE>
    <ROOTTAB>Z40RENTAL</ROOTTAB>
    <DDTEXT>Mapping View: Rental</DDTEXT>
    <VIEWCLASS>D</VIEWCLASS>
    <GLOBALFLAG>X</GLOBALFLAG>
   </DD25V>
   <DD26V_TABLE>
    <DD26V>
     <VIEWNAME>ZV00RENTAL</VIEWNAME>
     <TABNAME>Z40RENTAL</TABNAME>
     <TABPOS>0001</TABPOS>
     <FORTABNAME>Z40RENTAL</FORTABNAME>
    </DD26V>
   </DD26V_TABLE>
   <DD27P_TABLE>
    <DD27P>
     <VIEWFIELD>CLIENT</VIEWFIELD>
     <TABNAME>Z40RENTAL</TABNAME>
     <FIELDNAME>CLIENT</FIELDNAME>
     <KEYFLAG>X</KEYFLAG>
    </DD27P>
    <DD27P>
     <VIEWFIELD>RENTALUUID</VIEWFIELD>
     <TABNAME>Z40RENTAL</TABNAME>
     <FIELDNAME>RENTAL_UUID</FIELDNAME>
     <KEYFLAG>X</KEYFLAG>
    </DD27P>
    <DD27P>
     <VIEWFIELD>RENTALID</VIEWFIELD>
     <TABNAME>Z40RENTAL</TABNAME>
     <FIELDNAME>RENTAL_ID</FIELDNAME>
    </DD27P>
    <DD27P>
     <VIEWFIELD>VIDEOUUID</VIEWFIELD>
     <TABNAME>Z40RENTAL</TABNAME>
     <FIELDNAME>VIDEO_UUID</FIELDNAME>
    </DD27P>
    <DD27P>
     <VIEWFIELD>CUSTOMERUUID</VIEWFIELD>
     <TABNAME>Z40RENTAL</TABNAME>
     <FIELDNAME>CUSTOMER_UUID</FIELDNAME>
    </DD27P>
    <DD27P>
     <VIEWFIELD>RENTALDATE</VIEWFIELD>
     <TABNAME>Z40RENTAL</TABNAME>
     <FIELDNAME>RENTAL_DATE</FIELDNAME>
     <SHLPORIGIN>T</SHLPORIGIN>
    </DD27P>
    <DD27P>
     <VIEWFIELD>RETURNDATE</VIEWFIELD>
     <TABNAME>Z40RENTAL</TABNAME>
     <FIELDNAME>RETURN_DATE</FIELDNAME>
     <SHLPORIGIN>T</SHLPORIGIN>
    </DD27P>
    <DD27P>
     <VIEWFIELD>RENTALFEE</VIEWFIELD>
     <TABNAME>Z40RENTAL</TABNAME>
     <FIELDNAME>RENTAL_FEE</FIELDNAME>
     <REFTABLE>Z40RENTAL</REFTABLE>
     <REFFIELD>CURRENCY_CODE</REFFIELD>
    </DD27P>
    <DD27P>
     <VIEWFIELD>CURRENCYCODE</VIEWFIELD>
     <TABNAME>Z40RENTAL</TABNAME>
     <FIELDNAME>CURRENCY_CODE</FIELDNAME>
    </DD27P>
   </DD27P_TABLE>
  </asx:values>
 </asx:abap>
</abapGit>
